CMRL1001,Ravi,9848812345,1000
CMRL1002,Baskaran,9948854321,1000
CMRL1003,suruthika,7094792637,5000
CMRL1001,Ravi,9848812345,1000
CMRL1002,Baskaran,9948854321,1000
CMRL1003,suruthika,7094792637,5000
CMRL1001,Ravi,9848812345,1000
CMRL1002,Baskaran,9948854321,1000
CMRL1003,suruthika,7094792637,5000
CMRL1001,Ravi,9848812345,1000
CMRL1002,Baskaran,9948854321,1000
CMRL1003,suruthika,7094792637,5000
CMRL1001,Ravi,9848812345,1000
CMRL1002,Baskaran,9948854321,1000
CMRL1003,suruthika,7094792637,5000
CMRL1001,Ravi,9848812345,1000
CMRL1002,Baskaran,9948854321,1000
CMRL1003,suruthika,7094792637,5000
CMRL1001,Ravi,9848812345,1000
CMRL1002,Baskaran,9948854321,1000
CMRL1003,suruthika,7094792637,5000
CMRL1001,Ravi,9848812345,1000
CMRL1002,Baskaran,9948854321,1000
CMRL1003,suruthika,7094792637,5000
